{
    "name": "Overdrive prtototype",
    "type": "OverdriveProjector",
    "description": "Futuristic technologys of connecting wires allows us to speed our production in limited range a little bit",
    "solid": true,
    "size": 2,
    "health": 250,
    "phaseColor": "EF9F29",
    "speedBoostPhase": 0,
    "useTime": 8000,
    "phaseRangeBoost": 15,
    "update": true,
    "hasPower": true,
    "canOverdrive": false,
    "hasItems": true,
    "baseColor": "EF9F26",
    "reload": 60,
    "range": 60,
    "speedBoost": 1.30,
    "consumes": {
        "power": 2
        
    },
    "category": "effect",
    "requirements": [
        {"item": "copper-wire", "amount":40},
        {"item": "silicon", "amount": 20},
        {"item": "copper", "amount": 65}
        ],
        "research": "wire-drawer",
        "idleSound": "respawning",
        "idleSoundVolume": 0.3
}