{
    "type": "GenericCrafter",
    "name": "Coal compressor",
    "description": "Compresses coal very much to get a little bit of diamonds",
    "outputItem": {"item": "diamond", "amount":1},
    "size": 3,
    "itemCapacity": 64,
    "health": 235,
    "hasPower": true,
    "hasItems": true,
    "craftTime": 1000,
    "drawer": {
        "type": "DrawMulti",
        "drawers": [
            {"type": "DrawDefault"},
            {"type": "DrawGlowRegion",
                "suffix": "-glow",
                "color": "A90918"
            }]
    },
    "updateEffect": "plasticExplosion",
    "consumes":{
        "power": 5,
        "items": {
            "items":[
                {"item": "coal", "amount": 64},
                {"item": "pneumatic-component", "amount": 1}
                ]
    }
},
"requirements": [
    {"item": "simple-scheme", "amount":5},
    {"item": "titanium", "amount": 35},
    {"item": "pneumatic-component", "amount": 10}
    ],
    "category": "crafting",
    "research": "silicon-smelter",
    "idleSound": "respawning",
    "idleSoundVolume": 0.7
    }