{
    "type": "GenericCrafter",
    "name": "Advanced chip maker",
    "description": "Yes, very advanced",
    "outputItem": {"item": "scheme", "amount":1},
    "size": 2,
    "health": 210,
    "hasPower": true,
    "hasItems": true,
    "craftTime": 210,
    "updateEffect": "smoke",
    "consumes":{
        "power": 2.8,
        "items": {
            "items":[
                {"item": "copper-wire", "amount": 3},
                {"item": "silicon", "amount": 2},
                {"item": "plastanium", "amount": 3}
                ]
    }
},
"requirements": [
    {"item": "simple-scheme", "amount":15},
    {"item": "titanium", "amount": 65},
    {"item": "diamond", "amount": 5}
    ],
    "category": "crafting",
    "research": "wire-compressor",
    "idleSound": "respawning",
    "idleSoundVolume": 0.7
    }