{
    "type": "GenericCrafter",
    "name": "Titanium smelter",
    "description": "Smelts titanium alloy from titanium silicon and pyratite",
    "outputItem": {"item": "titanium-alloy", "amount": 10},
    "size": 4,
    "itemCapacity": 25,
    "powerCapacity": 10000,
    "health": 560,
    "hasItems": true,
    "hasPower": true,
    "craftTime": 1125,
    "updateEffect": "smoke",
    "drawer": {
        "type": "DrawMulti",
        "drawers": [
            {"type": "DrawRegion",
                "suffix": "-bottom"
            },
            {"type": "DrawGlowRegion",
            "suffix": "-glow",
            "color": "004966"},
            {"type": "DrawRegion",
                "suffix": "-top"
            }
            ]
        
    },
    
    "consumes":{
        "items": {
            "items":[
                {"item":"pyratite", "amount": 5},
                {"item": "titanium", "amount": 15},
                {"item": "silicon", "amount":10}
                ]
}
},
"requirements": [
    {"item": "scheme", "amount":20},
    {"item": "titanium", "amount": 250},
    {"item": "diamond", "amount": 4},
    {"item": "pneumatic-component", "amount": 25},
    {"item": "silicon", "amount": 100}
    ],
    "category": "crafting",
    "research": "silicon-smelter",
    "updateSound": "beam",
    "attribute": "heat",
    "boostScale": 0.2,
    "maxBoost": 2
    }
    