{
    "type": "GenericCrafter",
    "name": "wire drawer",
    "description": "Draws wire from copper",
    "outputItem": {"item": "copper-wire", "amount":1},
    "size": 2,
    "health": 130,
    "hasPower": true,
    "hasItems": true,
    "craftTime": 100,
    "updateEffect": "smeltsmoke",
    "consumes":{
        "power":0.5,
        "items": {
            "items":[
                {"item":"copper", "amount":1}
                ],
    }
},
"requirements": [
    {"item": "copper", "amount":45},
    {"item": "lead", "amount": 50}
    ],
    "category": "crafting",
    "research": "silicon-smelter",
    "idleSound": "respawning",
    "idleSoundVolume": 0.7
    }