{
    "name": "Wire power cannon Mk2",
    "type": "itemTurret",
    "description": "Advanced version of cannon, absorbing the power of wires, releasing it in a powerful beam",
    "health": 345,
    "maxAmmo": 25,
    "cooldown": 0.00001,
    "heatColor": "EF9F29",
    "coolantMultiplier": 2,
    "reload": 100,
    "booster": true,
    "optional": true,
    "range": 150,
    "burstSpacing": 600,
    "size": 3,
    "ammoPerShot": 5,
    "solid": true,
    "effectOnHit": "smoke",
    "shootSound": "laser",
    "category": "turret",
    "targetGround": true,
    "targetAir": true,
    "ammoTypes": {
        "lead": {
            "type":"basicBulletType",
            "damage": 70,
            "lifetime": 1,
            "fragRandomSpread": 45,
            "fragBullets": 10,
            "shootSound": "laser",
            "fragBullet": {
                "type": "lightningBulletType",
                "damage": 70
            }
        },
        "titanium": {
            "type": "basicBulletType",
            "damage": 90,
            "lifetime": 1,
            "fragRandomSpread": 45,
            "reloadMultiplier": 1.2,
            "fragBullets": 11,
            "shootSound": "laser",
            "fragBullet": {
                "type": "lightningBulletType",
                "damage": 90
            }
        },
        "metaglass": {
            "killShooter": true,
            "damage": 100
        }
    },
    "shots": 10,
    "innacuracy": 15,
    "recoil": 3,
    "restitution": 80,
    "rotateSpeed": 2,
    "research": "wire-cannon",
    "shootCone": 20,
    "update": true,
    "layer": "turret",
    "group": "turrets",
    "outlineIcon": true,
    "shootType": "lancerLazer",
    "requirements": [
        {"item": "copper-wire", "amount": 420},
        {"item": "lead", "amount": 220},
        {"item": "silicon", "amount": 25},
        {"item": "simple-scheme", "amount": 25}
        ]
}